{
    "loss": 0.28291308879852295,
    "accuracy": 0.9833333492279053
}