{
    "loss": 0.13106386363506317,
    "accuracy": 0.9833333492279053
}