{
    "loss": 0.4319280683994293,
    "accuracy": 0.6499999761581421
}